keyword,cluster,intent,page_to_build,google_autocomplete,volume (fill),kd (fill),note,priority,effort,why
flats in noida extension under 50 lakhs,A. Budget x BHK - buy (NCR),buy,Landing page per city + BHK + price band (e.g. /buy/noida-extension/2-bhk-under-50-lakhs),yes (autocomplete 2026-09-21),,,"Highest-volume group; the ""under X lakh"" pattern is where small sites can rank",Later,High,Needs Noida/Ghaziabad/Faridabad as real cities with real listings first - publishing this without inventory is thin/misleading content.
flats in noida extension under 60 lakhs,A. Budget x BHK - buy (NCR),buy,Landing page per city + BHK + price band (e.g. /buy/noida-extension/2-bhk-under-50-lakhs),yes (autocomplete 2026-09-21),,,"Highest-volume group; the ""under X lakh"" pattern is where small sites can rank",Later,High,Needs Noida/Ghaziabad/Faridabad as real cities with real listings first - publishing this without inventory is thin/misleading content.
2 bhk flats in noida extension under 30 lakhs,A. Budget x BHK - buy (NCR),buy,Landing page per city + BHK + price band (e.g. /buy/noida-extension/2-bhk-under-50-lakhs),yes (autocomplete 2026-09-21),,,"Highest-volume group; the ""under X lakh"" pattern is where small sites can rank",Later,High,Needs Noida/Ghaziabad/Faridabad as real cities with real listings first - publishing this without inventory is thin/misleading content.
2 bhk flats in noida extension under 40 lakhs,A. Budget x BHK - buy (NCR),buy,Landing page per city + BHK + price band (e.g. /buy/noida-extension/2-bhk-under-50-lakhs),yes (autocomplete 2026-09-21),,,"Highest-volume group; the ""under X lakh"" pattern is where small sites can rank",Later,High,Needs Noida/Ghaziabad/Faridabad as real cities with real listings first - publishing this without inventory is thin/misleading content.
2 bhk flats in noida extension under 50 lakhs,A. Budget x BHK - buy (NCR),buy,Landing page per city + BHK + price band (e.g. /buy/noida-extension/2-bhk-under-50-lakhs),yes (autocomplete 2026-09-21),,,"Highest-volume group; the ""under X lakh"" pattern is where small sites can rank",Later,High,Needs Noida/Ghaziabad/Faridabad as real cities with real listings first - publishing this without inventory is thin/misleading content.
2 bhk flats in noida extension under 60 lakhs,A. Budget x BHK - buy (NCR),buy,Landing page per city + BHK + price band (e.g. /buy/noida-extension/2-bhk-under-50-lakhs),yes (autocomplete 2026-09-21),,,"Highest-volume group; the ""under X lakh"" pattern is where small sites can rank",Later,High,Needs Noida/Ghaziabad/Faridabad as real cities with real listings first - publishing this without inventory is thin/misleading content.
3 bhk flats in noida extension under 50 lakhs,A. Budget x BHK - buy (NCR),buy,Landing page per city + BHK + price band (e.g. /buy/noida-extension/2-bhk-under-50-lakhs),yes (autocomplete 2026-09-21),,,"Highest-volume group; the ""under X lakh"" pattern is where small sites can rank",Later,High,Needs Noida/Ghaziabad/Faridabad as real cities with real listings first - publishing this without inventory is thin/misleading content.
3 bhk flats in noida extension under 70 lakhs,A. Budget x BHK - buy (NCR),buy,Landing page per city + BHK + price band (e.g. /buy/noida-extension/2-bhk-under-50-lakhs),yes (autocomplete 2026-09-21),,,"Highest-volume group; the ""under X lakh"" pattern is where small sites can rank",Later,High,Needs Noida/Ghaziabad/Faridabad as real cities with real listings first - publishing this without inventory is thin/misleading content.
3 bhk flats in noida extension under 80 lakhs,A. Budget x BHK - buy (NCR),buy,Landing page per city + BHK + price band (e.g. /buy/noida-extension/2-bhk-under-50-lakhs),yes (autocomplete 2026-09-21),,,"Highest-volume group; the ""under X lakh"" pattern is where small sites can rank",Later,High,Needs Noida/Ghaziabad/Faridabad as real cities with real listings first - publishing this without inventory is thin/misleading content.
3 bhk flats in noida extension under 1 crore,A. Budget x BHK - buy (NCR),buy,Landing page per city + BHK + price band (e.g. /buy/noida-extension/2-bhk-under-50-lakhs),yes (autocomplete 2026-09-21),,,"Highest-volume group; the ""under X lakh"" pattern is where small sites can rank",Later,High,Needs Noida/Ghaziabad/Faridabad as real cities with real listings first - publishing this without inventory is thin/misleading content.
ready to move flats in gurgaon under 25 lakhs,A. Budget x BHK - buy (NCR),buy,Landing page per city + BHK + price band (e.g. /buy/noida-extension/2-bhk-under-50-lakhs),yes (autocomplete 2026-09-21),,,"Highest-volume group; the ""under X lakh"" pattern is where small sites can rank",Later,High,Needs Noida/Ghaziabad/Faridabad as real cities with real listings first - publishing this without inventory is thin/misleading content.
ready to move flats in gurgaon under 30 lakhs,A. Budget x BHK - buy (NCR),buy,Landing page per city + BHK + price band (e.g. /buy/noida-extension/2-bhk-under-50-lakhs),yes (autocomplete 2026-09-21),,,"Highest-volume group; the ""under X lakh"" pattern is where small sites can rank",Later,High,Needs Noida/Ghaziabad/Faridabad as real cities with real listings first - publishing this without inventory is thin/misleading content.
ready to move flats in gurgaon under 35 lakhs,A. Budget x BHK - buy (NCR),buy,Landing page per city + BHK + price band (e.g. /buy/noida-extension/2-bhk-under-50-lakhs),yes (autocomplete 2026-09-21),,,"Highest-volume group; the ""under X lakh"" pattern is where small sites can rank",Later,High,Needs Noida/Ghaziabad/Faridabad as real cities with real listings first - publishing this without inventory is thin/misleading content.
ready to move flats in gurgaon under 50 lakhs,A. Budget x BHK - buy (NCR),buy,Landing page per city + BHK + price band (e.g. /buy/noida-extension/2-bhk-under-50-lakhs),yes (autocomplete 2026-09-21),,,"Highest-volume group; the ""under X lakh"" pattern is where small sites can rank",Later,High,Needs Noida/Ghaziabad/Faridabad as real cities with real listings first - publishing this without inventory is thin/misleading content.
ready to move flats in gurgaon under 60 lakhs,A. Budget x BHK - buy (NCR),buy,Landing page per city + BHK + price band (e.g. /buy/noida-extension/2-bhk-under-50-lakhs),yes (autocomplete 2026-09-21),,,"Highest-volume group; the ""under X lakh"" pattern is where small sites can rank",Later,High,Needs Noida/Ghaziabad/Faridabad as real cities with real listings first - publishing this without inventory is thin/misleading content.
ready to move flats in gurgaon under 70 lakhs,A. Budget x BHK - buy (NCR),buy,Landing page per city + BHK + price band (e.g. /buy/noida-extension/2-bhk-under-50-lakhs),yes (autocomplete 2026-09-21),,,"Highest-volume group; the ""under X lakh"" pattern is where small sites can rank",Later,High,Needs Noida/Ghaziabad/Faridabad as real cities with real listings first - publishing this without inventory is thin/misleading content.
ready to move flats in gurgaon under 80 lakhs,A. Budget x BHK - buy (NCR),buy,Landing page per city + BHK + price band (e.g. /buy/noida-extension/2-bhk-under-50-lakhs),yes (autocomplete 2026-09-21),,,"Highest-volume group; the ""under X lakh"" pattern is where small sites can rank",Later,High,Needs Noida/Ghaziabad/Faridabad as real cities with real listings first - publishing this without inventory is thin/misleading content.
ready to move flats in gurgaon under 1 crore,A. Budget x BHK - buy (NCR),buy,Landing page per city + BHK + price band (e.g. /buy/noida-extension/2-bhk-under-50-lakhs),yes (autocomplete 2026-09-21),,,"Highest-volume group; the ""under X lakh"" pattern is where small sites can rank",Later,High,Needs Noida/Ghaziabad/Faridabad as real cities with real listings first - publishing this without inventory is thin/misleading content.
ready to move flats in gurgaon under 1.5 crore,A. Budget x BHK - buy (NCR),buy,Landing page per city + BHK + price band (e.g. /buy/noida-extension/2-bhk-under-50-lakhs),yes (autocomplete 2026-09-21),,,"Highest-volume group; the ""under X lakh"" pattern is where small sites can rank",Later,High,Needs Noida/Ghaziabad/Faridabad as real cities with real listings first - publishing this without inventory is thin/misleading content.
ready to move flats in gurgaon under 2 crore,A. Budget x BHK - buy (NCR),buy,Landing page per city + BHK + price band (e.g. /buy/noida-extension/2-bhk-under-50-lakhs),yes (autocomplete 2026-09-21),,,"Highest-volume group; the ""under X lakh"" pattern is where small sites can rank",Later,High,Needs Noida/Ghaziabad/Faridabad as real cities with real listings first - publishing this without inventory is thin/misleading content.
3 bhk flats in gurgaon under 30 lakhs ready to move,A. Budget x BHK - buy (NCR),buy,Landing page per city + BHK + price band (e.g. /buy/noida-extension/2-bhk-under-50-lakhs),yes (autocomplete 2026-09-21),,,"Highest-volume group; the ""under X lakh"" pattern is where small sites can rank",Later,High,Needs Noida/Ghaziabad/Faridabad as real cities with real listings first - publishing this without inventory is thin/misleading content.
3 bhk flats in gurgaon under 50 lakhs ready to move,A. Budget x BHK - buy (NCR),buy,Landing page per city + BHK + price band (e.g. /buy/noida-extension/2-bhk-under-50-lakhs),yes (autocomplete 2026-09-21),,,"Highest-volume group; the ""under X lakh"" pattern is where small sites can rank",Later,High,Needs Noida/Ghaziabad/Faridabad as real cities with real listings first - publishing this without inventory is thin/misleading content.
3 bhk flats in gurgaon under 60 lakhs ready to move,A. Budget x BHK - buy (NCR),buy,Landing page per city + BHK + price band (e.g. /buy/noida-extension/2-bhk-under-50-lakhs),yes (autocomplete 2026-09-21),,,"Highest-volume group; the ""under X lakh"" pattern is where small sites can rank",Later,High,Needs Noida/Ghaziabad/Faridabad as real cities with real listings first - publishing this without inventory is thin/misleading content.
3 bhk flats in gurgaon under 70 lakhs ready to move,A. Budget x BHK - buy (NCR),buy,Landing page per city + BHK + price band (e.g. /buy/noida-extension/2-bhk-under-50-lakhs),yes (autocomplete 2026-09-21),,,"Highest-volume group; the ""under X lakh"" pattern is where small sites can rank",Later,High,Needs Noida/Ghaziabad/Faridabad as real cities with real listings first - publishing this without inventory is thin/misleading content.
3 bhk flats in gurgaon under 1 crore ready to move,A. Budget x BHK - buy (NCR),buy,Landing page per city + BHK + price band (e.g. /buy/noida-extension/2-bhk-under-50-lakhs),yes (autocomplete 2026-09-21),,,"Highest-volume group; the ""under X lakh"" pattern is where small sites can rank",Later,High,Needs Noida/Ghaziabad/Faridabad as real cities with real listings first - publishing this without inventory is thin/misleading content.
3 bhk flats in gurgaon under 1 crore,A. Budget x BHK - buy (NCR),buy,Landing page per city + BHK + price band (e.g. /buy/noida-extension/2-bhk-under-50-lakhs),yes (autocomplete 2026-09-21),,,"Highest-volume group; the ""under X lakh"" pattern is where small sites can rank",Later,High,Needs Noida/Ghaziabad/Faridabad as real cities with real listings first - publishing this without inventory is thin/misleading content.
3 bhk flats in gurgaon under 1.5 crore,A. Budget x BHK - buy (NCR),buy,Landing page per city + BHK + price band (e.g. /buy/noida-extension/2-bhk-under-50-lakhs),yes (autocomplete 2026-09-21),,,"Highest-volume group; the ""under X lakh"" pattern is where small sites can rank",Later,High,Needs Noida/Ghaziabad/Faridabad as real cities with real listings first - publishing this without inventory is thin/misleading content.
3 bhk flats in gurgaon under 2 crore,A. Budget x BHK - buy (NCR),buy,Landing page per city + BHK + price band (e.g. /buy/noida-extension/2-bhk-under-50-lakhs),yes (autocomplete 2026-09-21),,,"Highest-volume group; the ""under X lakh"" pattern is where small sites can rank",Later,High,Needs Noida/Ghaziabad/Faridabad as real cities with real listings first - publishing this without inventory is thin/misleading content.
flats in ghaziabad under 20 lakhs,A. Budget x BHK - buy (NCR),buy,Landing page per city + BHK + price band (e.g. /buy/noida-extension/2-bhk-under-50-lakhs),yes (autocomplete 2026-09-21),,,"Highest-volume group; the ""under X lakh"" pattern is where small sites can rank",Later,High,Needs Noida/Ghaziabad/Faridabad as real cities with real listings first - publishing this without inventory is thin/misleading content.
flats in ghaziabad under 30 lakhs,A. Budget x BHK - buy (NCR),buy,Landing page per city + BHK + price band (e.g. /buy/noida-extension/2-bhk-under-50-lakhs),yes (autocomplete 2026-09-21),,,"Highest-volume group; the ""under X lakh"" pattern is where small sites can rank",Later,High,Needs Noida/Ghaziabad/Faridabad as real cities with real listings first - publishing this without inventory is thin/misleading content.
flats in ghaziabad under 40 lakhs,A. Budget x BHK - buy (NCR),buy,Landing page per city + BHK + price band (e.g. /buy/noida-extension/2-bhk-under-50-lakhs),yes (autocomplete 2026-09-21),,,"Highest-volume group; the ""under X lakh"" pattern is where small sites can rank",Later,High,Needs Noida/Ghaziabad/Faridabad as real cities with real listings first - publishing this without inventory is thin/misleading content.
flats in ghaziabad under 50 lakhs,A. Budget x BHK - buy (NCR),buy,Landing page per city + BHK + price band (e.g. /buy/noida-extension/2-bhk-under-50-lakhs),yes (autocomplete 2026-09-21),,,"Highest-volume group; the ""under X lakh"" pattern is where small sites can rank",Later,High,Needs Noida/Ghaziabad/Faridabad as real cities with real listings first - publishing this without inventory is thin/misleading content.
flats in ghaziabad under 60 lakhs,A. Budget x BHK - buy (NCR),buy,Landing page per city + BHK + price band (e.g. /buy/noida-extension/2-bhk-under-50-lakhs),yes (autocomplete 2026-09-21),,,"Highest-volume group; the ""under X lakh"" pattern is where small sites can rank",Later,High,Needs Noida/Ghaziabad/Faridabad as real cities with real listings first - publishing this without inventory is thin/misleading content.
society flats in ghaziabad under 50 lakhs,A. Budget x BHK - buy (NCR),buy,Landing page per city + BHK + price band (e.g. /buy/noida-extension/2-bhk-under-50-lakhs),yes (autocomplete 2026-09-21),,,"Highest-volume group; the ""under X lakh"" pattern is where small sites can rank",Later,High,Needs Noida/Ghaziabad/Faridabad as real cities with real listings first - publishing this without inventory is thin/misleading content.
cheapest flats in ghaziabad,A. Budget x BHK - buy (NCR),buy,Landing page per city + BHK + price band (e.g. /buy/noida-extension/2-bhk-under-50-lakhs),yes (autocomplete 2026-09-21),,,"Highest-volume group; the ""under X lakh"" pattern is where small sites can rank",Later,High,Needs Noida/Ghaziabad/Faridabad as real cities with real listings first - publishing this without inventory is thin/misleading content.
flats near crossing republik ghaziabad,A. Budget x BHK - buy (NCR),buy,Landing page per city + BHK + price band (e.g. /buy/noida-extension/2-bhk-under-50-lakhs),yes (autocomplete 2026-09-21),,,"Highest-volume group; the ""under X lakh"" pattern is where small sites can rank",Later,High,Needs Noida/Ghaziabad/Faridabad as real cities with real listings first - publishing this without inventory is thin/misleading content.
flats in faridabad under 15 lakhs,A. Budget x BHK - buy (NCR),buy,Landing page per city + BHK + price band (e.g. /buy/noida-extension/2-bhk-under-50-lakhs),yes (autocomplete 2026-09-21),,,"Highest-volume group; the ""under X lakh"" pattern is where small sites can rank",Later,High,Needs Noida/Ghaziabad/Faridabad as real cities with real listings first - publishing this without inventory is thin/misleading content.
flats in faridabad under 20 lakhs,A. Budget x BHK - buy (NCR),buy,Landing page per city + BHK + price band (e.g. /buy/noida-extension/2-bhk-under-50-lakhs),yes (autocomplete 2026-09-21),,,"Highest-volume group; the ""under X lakh"" pattern is where small sites can rank",Later,High,Needs Noida/Ghaziabad/Faridabad as real cities with real listings first - publishing this without inventory is thin/misleading content.
flats in faridabad under 30 lakhs,A. Budget x BHK - buy (NCR),buy,Landing page per city + BHK + price band (e.g. /buy/noida-extension/2-bhk-under-50-lakhs),yes (autocomplete 2026-09-21),,,"Highest-volume group; the ""under X lakh"" pattern is where small sites can rank",Later,High,Needs Noida/Ghaziabad/Faridabad as real cities with real listings first - publishing this without inventory is thin/misleading content.
flats in faridabad under 35 lakhs,A. Budget x BHK - buy (NCR),buy,Landing page per city + BHK + price band (e.g. /buy/noida-extension/2-bhk-under-50-lakhs),yes (autocomplete 2026-09-21),,,"Highest-volume group; the ""under X lakh"" pattern is where small sites can rank",Later,High,Needs Noida/Ghaziabad/Faridabad as real cities with real listings first - publishing this without inventory is thin/misleading content.
flats in faridabad under 40 lakhs,A. Budget x BHK - buy (NCR),buy,Landing page per city + BHK + price band (e.g. /buy/noida-extension/2-bhk-under-50-lakhs),yes (autocomplete 2026-09-21),,,"Highest-volume group; the ""under X lakh"" pattern is where small sites can rank",Later,High,Needs Noida/Ghaziabad/Faridabad as real cities with real listings first - publishing this without inventory is thin/misleading content.
flats in faridabad under 50 lakhs,A. Budget x BHK - buy (NCR),buy,Landing page per city + BHK + price band (e.g. /buy/noida-extension/2-bhk-under-50-lakhs),yes (autocomplete 2026-09-21),,,"Highest-volume group; the ""under X lakh"" pattern is where small sites can rank",Later,High,Needs Noida/Ghaziabad/Faridabad as real cities with real listings first - publishing this without inventory is thin/misleading content.
flats in faridabad under 60 lakhs,A. Budget x BHK - buy (NCR),buy,Landing page per city + BHK + price band (e.g. /buy/noida-extension/2-bhk-under-50-lakhs),yes (autocomplete 2026-09-21),,,"Highest-volume group; the ""under X lakh"" pattern is where small sites can rank",Later,High,Needs Noida/Ghaziabad/Faridabad as real cities with real listings first - publishing this without inventory is thin/misleading content.
flats in faridabad under 70 lakhs,A. Budget x BHK - buy (NCR),buy,Landing page per city + BHK + price band (e.g. /buy/noida-extension/2-bhk-under-50-lakhs),yes (autocomplete 2026-09-21),,,"Highest-volume group; the ""under X lakh"" pattern is where small sites can rank",Later,High,Needs Noida/Ghaziabad/Faridabad as real cities with real listings first - publishing this without inventory is thin/misleading content.
flats in faridabad under 80 lakhs,A. Budget x BHK - buy (NCR),buy,Landing page per city + BHK + price band (e.g. /buy/noida-extension/2-bhk-under-50-lakhs),yes (autocomplete 2026-09-21),,,"Highest-volume group; the ""under X lakh"" pattern is where small sites can rank",Later,High,Needs Noida/Ghaziabad/Faridabad as real cities with real listings first - publishing this without inventory is thin/misleading content.
flats in faridabad under 1 crore,A. Budget x BHK - buy (NCR),buy,Landing page per city + BHK + price band (e.g. /buy/noida-extension/2-bhk-under-50-lakhs),yes (autocomplete 2026-09-21),,,"Highest-volume group; the ""under X lakh"" pattern is where small sites can rank",Later,High,Needs Noida/Ghaziabad/Faridabad as real cities with real listings first - publishing this without inventory is thin/misleading content.
2 bhk flat for rent in noida sector 62,B. Rent by sector (NCR),rent,Rent page per sector (e.g. /rent/noida/sector-62/2-bhk),yes (autocomplete 2026-09-21),,,Very specific = usually the weakest competition; needs real rental listings per sector,Later,High,Same: needs those cities + sector-level listings before a page can honestly target this.
2 bhk flat for rent in noida sector 50,B. Rent by sector (NCR),rent,Rent page per sector (e.g. /rent/noida/sector-62/2-bhk),yes (autocomplete 2026-09-21),,,Very specific = usually the weakest competition; needs real rental listings per sector,Later,High,Same: needs those cities + sector-level listings before a page can honestly target this.
2 bhk flat for rent in noida sector 142,B. Rent by sector (NCR),rent,Rent page per sector (e.g. /rent/noida/sector-62/2-bhk),yes (autocomplete 2026-09-21),,,Very specific = usually the weakest competition; needs real rental listings per sector,Later,High,Same: needs those cities + sector-level listings before a page can honestly target this.
2 bhk flat for rent in noida sector 12,B. Rent by sector (NCR),rent,Rent page per sector (e.g. /rent/noida/sector-62/2-bhk),yes (autocomplete 2026-09-21),,,Very specific = usually the weakest competition; needs real rental listings per sector,Later,High,Same: needs those cities + sector-level listings before a page can honestly target this.
2 bhk flat for rent in noida sector 16,B. Rent by sector (NCR),rent,Rent page per sector (e.g. /rent/noida/sector-62/2-bhk),yes (autocomplete 2026-09-21),,,Very specific = usually the weakest competition; needs real rental listings per sector,Later,High,Same: needs those cities + sector-level listings before a page can honestly target this.
2 bhk flat for rent in noida sector 18,B. Rent by sector (NCR),rent,Rent page per sector (e.g. /rent/noida/sector-62/2-bhk),yes (autocomplete 2026-09-21),,,Very specific = usually the weakest competition; needs real rental listings per sector,Later,High,Same: needs those cities + sector-level listings before a page can honestly target this.
2 bhk flat for rent in noida sector 15,B. Rent by sector (NCR),rent,Rent page per sector (e.g. /rent/noida/sector-62/2-bhk),yes (autocomplete 2026-09-21),,,Very specific = usually the weakest competition; needs real rental listings per sector,Later,High,Same: needs those cities + sector-level listings before a page can honestly target this.
2 bhk flat for rent in noida sector 52,B. Rent by sector (NCR),rent,Rent page per sector (e.g. /rent/noida/sector-62/2-bhk),yes (autocomplete 2026-09-21),,,Very specific = usually the weakest competition; needs real rental listings per sector,Later,High,Same: needs those cities + sector-level listings before a page can honestly target this.
2 bhk flat for rent in noida sector 62 under 10000,B. Rent by sector (NCR),rent,Rent page per sector (e.g. /rent/noida/sector-62/2-bhk),yes (autocomplete 2026-09-21),,,Very specific = usually the weakest competition; needs real rental listings per sector,Later,High,Same: needs those cities + sector-level listings before a page can honestly target this.
2 bhk flat for rent in noida sector 62 under 15000,B. Rent by sector (NCR),rent,Rent page per sector (e.g. /rent/noida/sector-62/2-bhk),yes (autocomplete 2026-09-21),,,Very specific = usually the weakest competition; needs real rental listings per sector,Later,High,Same: needs those cities + sector-level listings before a page can honestly target this.
1 bhk flat for rent in sector 134 noida,B. Rent by sector (NCR),rent,Rent page per sector (e.g. /rent/noida/sector-62/2-bhk),yes (autocomplete 2026-09-21),,,Very specific = usually the weakest competition; needs real rental listings per sector,Later,High,Same: needs those cities + sector-level listings before a page can honestly target this.
1 bhk flat for rent in sector 32 gurgaon,B. Rent by sector (NCR),rent,Rent page per sector (e.g. /rent/noida/sector-62/2-bhk),yes (autocomplete 2026-09-21),,,Very specific = usually the weakest competition; needs real rental listings per sector,Later,High,Same: needs those cities + sector-level listings before a page can honestly target this.
1 bhk flat for rent in sector 42 gurgaon,B. Rent by sector (NCR),rent,Rent page per sector (e.g. /rent/noida/sector-62/2-bhk),yes (autocomplete 2026-09-21),,,Very specific = usually the weakest competition; needs real rental listings per sector,Later,High,Same: needs those cities + sector-level listings before a page can honestly target this.
1 bhk flat for rent in sector 44 gurgaon,B. Rent by sector (NCR),rent,Rent page per sector (e.g. /rent/noida/sector-62/2-bhk),yes (autocomplete 2026-09-21),,,Very specific = usually the weakest competition; needs real rental listings per sector,Later,High,Same: needs those cities + sector-level listings before a page can honestly target this.
1 bhk flat for rent in sector 61 gurgaon,B. Rent by sector (NCR),rent,Rent page per sector (e.g. /rent/noida/sector-62/2-bhk),yes (autocomplete 2026-09-21),,,Very specific = usually the weakest competition; needs real rental listings per sector,Later,High,Same: needs those cities + sector-level listings before a page can honestly target this.
1 bhk flat for rent in sector 39 gurgaon,B. Rent by sector (NCR),rent,Rent page per sector (e.g. /rent/noida/sector-62/2-bhk),yes (autocomplete 2026-09-21),,,Very specific = usually the weakest competition; needs real rental listings per sector,Later,High,Same: needs those cities + sector-level listings before a page can honestly target this.
1 bhk flat for rent in sector 84 gurgaon,B. Rent by sector (NCR),rent,Rent page per sector (e.g. /rent/noida/sector-62/2-bhk),yes (autocomplete 2026-09-21),,,Very specific = usually the weakest competition; needs real rental listings per sector,Later,High,Same: needs those cities + sector-level listings before a page can honestly target this.
rental flats in ghaziabad under 5000,B. Rent by sector (NCR),rent,Rent page per sector (e.g. /rent/noida/sector-62/2-bhk),yes (autocomplete 2026-09-21),,,Very specific = usually the weakest competition; needs real rental listings per sector,Later,High,Same: needs those cities + sector-level listings before a page can honestly target this.
flats in noida near metro for rent,B. Rent by sector (NCR),rent,Rent page per sector (e.g. /rent/noida/sector-62/2-bhk),yes (autocomplete 2026-09-21),,,Very specific = usually the weakest competition; needs real rental listings per sector,Later,High,Same: needs those cities + sector-level listings before a page can honestly target this.
builder floor in gurgaon for rent,B. Rent by sector (NCR),rent,Rent page per sector (e.g. /rent/noida/sector-62/2-bhk),yes (autocomplete 2026-09-21),,,Very specific = usually the weakest competition; needs real rental listings per sector,Later,High,Same: needs those cities + sector-level listings before a page can honestly target this.
shop for rent in noida sector 10,C. Commercial (shop / office),rent+buy,Commercial page per city + sector (e.g. /rent/noida/commercial/sector-63),yes (autocomplete 2026-09-21),,,"Matches the ""Commercial"" type the site already has",Later,High,"Same city gap; the site already has a ""Commercial"" type, so once the city exists this is a quick add."
shop for rent in noida sector 12,C. Commercial (shop / office),rent+buy,Commercial page per city + sector (e.g. /rent/noida/commercial/sector-63),yes (autocomplete 2026-09-21),,,"Matches the ""Commercial"" type the site already has",Later,High,"Same city gap; the site already has a ""Commercial"" type, so once the city exists this is a quick add."
shop for rent in noida sector 18,C. Commercial (shop / office),rent+buy,Commercial page per city + sector (e.g. /rent/noida/commercial/sector-63),yes (autocomplete 2026-09-21),,,"Matches the ""Commercial"" type the site already has",Later,High,"Same city gap; the site already has a ""Commercial"" type, so once the city exists this is a quick add."
shop for rent in noida sector 50,C. Commercial (shop / office),rent+buy,Commercial page per city + sector (e.g. /rent/noida/commercial/sector-63),yes (autocomplete 2026-09-21),,,"Matches the ""Commercial"" type the site already has",Later,High,"Same city gap; the site already has a ""Commercial"" type, so once the city exists this is a quick add."
shop for rent in noida sector 62,C. Commercial (shop / office),rent+buy,Commercial page per city + sector (e.g. /rent/noida/commercial/sector-63),yes (autocomplete 2026-09-21),,,"Matches the ""Commercial"" type the site already has",Later,High,"Same city gap; the site already has a ""Commercial"" type, so once the city exists this is a quick add."
shop for rent in noida sector 63,C. Commercial (shop / office),rent+buy,Commercial page per city + sector (e.g. /rent/noida/commercial/sector-63),yes (autocomplete 2026-09-21),,,"Matches the ""Commercial"" type the site already has",Later,High,"Same city gap; the site already has a ""Commercial"" type, so once the city exists this is a quick add."
shop for rent in noida sector 75,C. Commercial (shop / office),rent+buy,Commercial page per city + sector (e.g. /rent/noida/commercial/sector-63),yes (autocomplete 2026-09-21),,,"Matches the ""Commercial"" type the site already has",Later,High,"Same city gap; the site already has a ""Commercial"" type, so once the city exists this is a quick add."
shop for rent in noida sector 76,C. Commercial (shop / office),rent+buy,Commercial page per city + sector (e.g. /rent/noida/commercial/sector-63),yes (autocomplete 2026-09-21),,,"Matches the ""Commercial"" type the site already has",Later,High,"Same city gap; the site already has a ""Commercial"" type, so once the city exists this is a quick add."
shop for rent in noida sector 104,C. Commercial (shop / office),rent+buy,Commercial page per city + sector (e.g. /rent/noida/commercial/sector-63),yes (autocomplete 2026-09-21),,,"Matches the ""Commercial"" type the site already has",Later,High,"Same city gap; the site already has a ""Commercial"" type, so once the city exists this is a quick add."
shop for rent in noida sector 150,C. Commercial (shop / office),rent+buy,Commercial page per city + sector (e.g. /rent/noida/commercial/sector-63),yes (autocomplete 2026-09-21),,,"Matches the ""Commercial"" type the site already has",Later,High,"Same city gap; the site already has a ""Commercial"" type, so once the city exists this is a quick add."
office space for rent in sector 15 gurgaon,C. Commercial (shop / office),rent+buy,Commercial page per city + sector (e.g. /rent/noida/commercial/sector-63),yes (autocomplete 2026-09-21),,,"Matches the ""Commercial"" type the site already has",Later,High,"Same city gap; the site already has a ""Commercial"" type, so once the city exists this is a quick add."
office space for rent in sector 32 gurgaon,C. Commercial (shop / office),rent+buy,Commercial page per city + sector (e.g. /rent/noida/commercial/sector-63),yes (autocomplete 2026-09-21),,,"Matches the ""Commercial"" type the site already has",Later,High,"Same city gap; the site already has a ""Commercial"" type, so once the city exists this is a quick add."
office space for rent in sector 44 gurgaon,C. Commercial (shop / office),rent+buy,Commercial page per city + sector (e.g. /rent/noida/commercial/sector-63),yes (autocomplete 2026-09-21),,,"Matches the ""Commercial"" type the site already has",Later,High,"Same city gap; the site already has a ""Commercial"" type, so once the city exists this is a quick add."
office space for rent in sector 45 gurgaon,C. Commercial (shop / office),rent+buy,Commercial page per city + sector (e.g. /rent/noida/commercial/sector-63),yes (autocomplete 2026-09-21),,,"Matches the ""Commercial"" type the site already has",Later,High,"Same city gap; the site already has a ""Commercial"" type, so once the city exists this is a quick add."
office space for rent in sector 48 gurgaon,C. Commercial (shop / office),rent+buy,Commercial page per city + sector (e.g. /rent/noida/commercial/sector-63),yes (autocomplete 2026-09-21),,,"Matches the ""Commercial"" type the site already has",Later,High,"Same city gap; the site already has a ""Commercial"" type, so once the city exists this is a quick add."
office space for rent in sector 49 gurgaon,C. Commercial (shop / office),rent+buy,Commercial page per city + sector (e.g. /rent/noida/commercial/sector-63),yes (autocomplete 2026-09-21),,,"Matches the ""Commercial"" type the site already has",Later,High,"Same city gap; the site already has a ""Commercial"" type, so once the city exists this is a quick add."
commercial space for rent in sector 31 gurgaon,C. Commercial (shop / office),rent+buy,Commercial page per city + sector (e.g. /rent/noida/commercial/sector-63),yes (autocomplete 2026-09-21),,,"Matches the ""Commercial"" type the site already has",Later,High,"Same city gap; the site already has a ""Commercial"" type, so once the city exists this is a quick add."
commercial space for rent in noida,C. Commercial (shop / office),rent+buy,Commercial page per city + sector (e.g. /rent/noida/commercial/sector-63),yes (autocomplete 2026-09-21),,,"Matches the ""Commercial"" type the site already has",Later,High,"Same city gap; the site already has a ""Commercial"" type, so once the city exists this is a quick add."
commercial space for rent in noida sector 63,C. Commercial (shop / office),rent+buy,Commercial page per city + sector (e.g. /rent/noida/commercial/sector-63),yes (autocomplete 2026-09-21),,,"Matches the ""Commercial"" type the site already has",Later,High,"Same city gap; the site already has a ""Commercial"" type, so once the city exists this is a quick add."
commercial space for rent in noida extension,C. Commercial (shop / office),rent+buy,Commercial page per city + sector (e.g. /rent/noida/commercial/sector-63),yes (autocomplete 2026-09-21),,,"Matches the ""Commercial"" type the site already has",Later,High,"Same city gap; the site already has a ""Commercial"" type, so once the city exists this is a quick add."
commercial shops for sale in noida,C. Commercial (shop / office),rent+buy,Commercial page per city + sector (e.g. /rent/noida/commercial/sector-63),yes (autocomplete 2026-09-21),,,"Matches the ""Commercial"" type the site already has",Later,High,"Same city gap; the site already has a ""Commercial"" type, so once the city exists this is a quick add."
commercial shops for sale in noida extension,C. Commercial (shop / office),rent+buy,Commercial page per city + sector (e.g. /rent/noida/commercial/sector-63),yes (autocomplete 2026-09-21),,,"Matches the ""Commercial"" type the site already has",Later,High,"Same city gap; the site already has a ""Commercial"" type, so once the city exists this is a quick add."
commercial space for sale in noida,C. Commercial (shop / office),rent+buy,Commercial page per city + sector (e.g. /rent/noida/commercial/sector-63),yes (autocomplete 2026-09-21),,,"Matches the ""Commercial"" type the site already has",Later,High,"Same city gap; the site already has a ""Commercial"" type, so once the city exists this is a quick add."
commercial shop for sale in greater noida,C. Commercial (shop / office),rent+buy,Commercial page per city + sector (e.g. /rent/noida/commercial/sector-63),yes (autocomplete 2026-09-21),,,"Matches the ""Commercial"" type the site already has",Later,High,"Same city gap; the site already has a ""Commercial"" type, so once the city exists this is a quick add."
commercial shops for sale in greater noida west,C. Commercial (shop / office),rent+buy,Commercial page per city + sector (e.g. /rent/noida/commercial/sector-63),yes (autocomplete 2026-09-21),,,"Matches the ""Commercial"" type the site already has",Later,High,"Same city gap; the site already has a ""Commercial"" type, so once the city exists this is a quick add."
commercial shops for sale noida expressway,C. Commercial (shop / office),rent+buy,Commercial page per city + sector (e.g. /rent/noida/commercial/sector-63),yes (autocomplete 2026-09-21),,,"Matches the ""Commercial"" type the site already has",Later,High,"Same city gap; the site already has a ""Commercial"" type, so once the city exists this is a quick add."
plot in greater noida under 10 lakhs,D. Plots (Greater Noida),buy,Plots page per city + budget,yes (autocomplete 2026-09-21),,,"Site has no plot type yet (types: Apartment, Villa, Studio, Commercial, Penthouse, House)",Later,Medium,"Needs a new ""Plot"" property type as well as the city - two gaps, not one."
plots in greater noida under 30 lakhs,D. Plots (Greater Noida),buy,Plots page per city + budget,yes (autocomplete 2026-09-21),,,"Site has no plot type yet (types: Apartment, Villa, Studio, Commercial, Penthouse, House)",Later,Medium,"Needs a new ""Plot"" property type as well as the city - two gaps, not one."
plot in greater noida under 50 lakhs,D. Plots (Greater Noida),buy,Plots page per city + budget,yes (autocomplete 2026-09-21),,,"Site has no plot type yet (types: Apartment, Villa, Studio, Commercial, Penthouse, House)",Later,Medium,"Needs a new ""Plot"" property type as well as the city - two gaps, not one."
price of plots in greater noida,D. Plots (Greater Noida),buy,Plots page per city + budget,yes (autocomplete 2026-09-21),,,"Site has no plot type yet (types: Apartment, Villa, Studio, Commercial, Penthouse, House)",Later,Medium,"Needs a new ""Plot"" property type as well as the city - two gaps, not one."
is greater noida good for investment,D. Plots (Greater Noida),buy,Plots page per city + budget,yes (autocomplete 2026-09-21),,,"Site has no plot type yet (types: Apartment, Villa, Studio, Commercial, Penthouse, House)",Later,Medium,"Needs a new ""Plot"" property type as well as the city - two gaps, not one."
is greater noida good place to live,D. Plots (Greater Noida),buy,Plots page per city + budget,yes (autocomplete 2026-09-21),,,"Site has no plot type yet (types: Apartment, Villa, Studio, Commercial, Penthouse, House)",Later,Medium,"Needs a new ""Plot"" property type as well as the city - two gaps, not one."
builder floor in gurgaon for sale,E. Builder floor (Gurgaon),buy+rent,"Property-type page ""Builder floor"" per city / locality",yes (autocomplete 2026-09-21),,,"New type for the site (Apartment/Villa/House exist, builder floor does not)",Now (partial),Low,"Gurgaon/Gurugram already exists - add ""Builder Floor"" as a property type (Admin -> Settings -> Property Types) and list real ones; no new city needed."
builder floor in gurgaon dlf phase 1,E. Builder floor (Gurgaon),buy+rent,"Property-type page ""Builder floor"" per city / locality",yes (autocomplete 2026-09-21),,,"New type for the site (Apartment/Villa/House exist, builder floor does not)",Now (partial),Low,"Gurgaon/Gurugram already exists - add ""Builder Floor"" as a property type (Admin -> Settings -> Property Types) and list real ones; no new city needed."
builder floor in gurgaon dlf phase 4,E. Builder floor (Gurgaon),buy+rent,"Property-type page ""Builder floor"" per city / locality",yes (autocomplete 2026-09-21),,,"New type for the site (Apartment/Villa/House exist, builder floor does not)",Now (partial),Low,"Gurgaon/Gurugram already exists - add ""Builder Floor"" as a property type (Admin -> Settings -> Property Types) and list real ones; no new city needed."
builder floor in gurgaon under 50 lakhs,E. Builder floor (Gurgaon),buy+rent,"Property-type page ""Builder floor"" per city / locality",yes (autocomplete 2026-09-21),,,"New type for the site (Apartment/Villa/House exist, builder floor does not)",Now (partial),Low,"Gurgaon/Gurugram already exists - add ""Builder Floor"" as a property type (Admin -> Settings -> Property Types) and list real ones; no new city needed."
builder floor in gurgaon under 1 crore,E. Builder floor (Gurgaon),buy+rent,"Property-type page ""Builder floor"" per city / locality",yes (autocomplete 2026-09-21),,,"New type for the site (Apartment/Villa/House exist, builder floor does not)",Now (partial),Low,"Gurgaon/Gurugram already exists - add ""Builder Floor"" as a property type (Admin -> Settings -> Property Types) and list real ones; no new city needed."
builder floor in gurgaon under 1.5 crore,E. Builder floor (Gurgaon),buy+rent,"Property-type page ""Builder floor"" per city / locality",yes (autocomplete 2026-09-21),,,"New type for the site (Apartment/Villa/House exist, builder floor does not)",Now (partial),Low,"Gurgaon/Gurugram already exists - add ""Builder Floor"" as a property type (Admin -> Settings -> Property Types) and list real ones; no new city needed."
builder floor in gurgaon under 2 crore,E. Builder floor (Gurgaon),buy+rent,"Property-type page ""Builder floor"" per city / locality",yes (autocomplete 2026-09-21),,,"New type for the site (Apartment/Villa/House exist, builder floor does not)",Now (partial),Low,"Gurgaon/Gurugram already exists - add ""Builder Floor"" as a property type (Admin -> Settings -> Property Types) and list real ones; no new city needed."
builder floor in gurgaon under 2.5 crore,E. Builder floor (Gurgaon),buy+rent,"Property-type page ""Builder floor"" per city / locality",yes (autocomplete 2026-09-21),,,"New type for the site (Apartment/Villa/House exist, builder floor does not)",Now (partial),Low,"Gurgaon/Gurugram already exists - add ""Builder Floor"" as a property type (Admin -> Settings -> Property Types) and list real ones; no new city needed."
resale flats in noida,F. Resale by sector (Noida),buy,Resale page per sector (e.g. /buy/noida/sector-62/resale),yes (autocomplete 2026-09-21),,,Resale is an under-served angle for new sites,Later,High,"Needs the city + a ""resale"" field/filter on listings."
resale flats in noida extension,F. Resale by sector (Noida),buy,Resale page per sector (e.g. /buy/noida/sector-62/resale),yes (autocomplete 2026-09-21),,,Resale is an under-served angle for new sites,Later,High,"Needs the city + a ""resale"" field/filter on listings."
resale flats in noida expressway,F. Resale by sector (Noida),buy,Resale page per sector (e.g. /buy/noida/sector-62/resale),yes (autocomplete 2026-09-21),,,Resale is an under-served angle for new sites,Later,High,"Needs the city + a ""resale"" field/filter on listings."
resale flats in noida sector 34,F. Resale by sector (Noida),buy,Resale page per sector (e.g. /buy/noida/sector-62/resale),yes (autocomplete 2026-09-21),,,Resale is an under-served angle for new sites,Later,High,"Needs the city + a ""resale"" field/filter on listings."
resale flats in noida sector 50,F. Resale by sector (Noida),buy,Resale page per sector (e.g. /buy/noida/sector-62/resale),yes (autocomplete 2026-09-21),,,Resale is an under-served angle for new sites,Later,High,"Needs the city + a ""resale"" field/filter on listings."
resale flats in noida sector 51,F. Resale by sector (Noida),buy,Resale page per sector (e.g. /buy/noida/sector-62/resale),yes (autocomplete 2026-09-21),,,Resale is an under-served angle for new sites,Later,High,"Needs the city + a ""resale"" field/filter on listings."
resale flats in noida sector 62,F. Resale by sector (Noida),buy,Resale page per sector (e.g. /buy/noida/sector-62/resale),yes (autocomplete 2026-09-21),,,Resale is an under-served angle for new sites,Later,High,"Needs the city + a ""resale"" field/filter on listings."
resale flats in noida sector 75,F. Resale by sector (Noida),buy,Resale page per sector (e.g. /buy/noida/sector-62/resale),yes (autocomplete 2026-09-21),,,Resale is an under-served angle for new sites,Later,High,"Needs the city + a ""resale"" field/filter on listings."
resale flats in noida sector 78,F. Resale by sector (Noida),buy,Resale page per sector (e.g. /buy/noida/sector-62/resale),yes (autocomplete 2026-09-21),,,Resale is an under-served angle for new sites,Later,High,"Needs the city + a ""resale"" field/filter on listings."
resale flats in noida sector 107,F. Resale by sector (Noida),buy,Resale page per sector (e.g. /buy/noida/sector-62/resale),yes (autocomplete 2026-09-21),,,Resale is an under-served angle for new sites,Later,High,"Needs the city + a ""resale"" field/filter on listings."
flats near metro in noida,G. Near metro,buy+rent,"Filter page ""near metro"" per city (needs a metro-distance field on listings)",yes (autocomplete 2026-09-21),,,Search intent is very clear; needs data the listings do not have yet,Later,Medium,Needs a distance-to-metro field on listings across all cities to answer honestly.
flats near metro station in noida,G. Near metro,buy+rent,"Filter page ""near metro"" per city (needs a metro-distance field on listings)",yes (autocomplete 2026-09-21),,,Search intent is very clear; needs data the listings do not have yet,Later,Medium,Needs a distance-to-metro field on listings across all cities to answer honestly.
apartments near metro station noida,G. Near metro,buy+rent,"Filter page ""near metro"" per city (needs a metro-distance field on listings)",yes (autocomplete 2026-09-21),,,Search intent is very clear; needs data the listings do not have yet,Later,Medium,Needs a distance-to-metro field on listings across all cities to answer honestly.
society flats in noida near metro station,G. Near metro,buy+rent,"Filter page ""near metro"" per city (needs a metro-distance field on listings)",yes (autocomplete 2026-09-21),,,Search intent is very clear; needs data the listings do not have yet,Later,Medium,Needs a distance-to-metro field on listings across all cities to answer honestly.
flats for sale in noida near metro,G. Near metro,buy+rent,"Filter page ""near metro"" per city (needs a metro-distance field on listings)",yes (autocomplete 2026-09-21),,,Search intent is very clear; needs data the listings do not have yet,Later,Medium,Needs a distance-to-metro field on listings across all cities to answer honestly.
flats for sale in noida near metro station,G. Near metro,buy+rent,"Filter page ""near metro"" per city (needs a metro-distance field on listings)",yes (autocomplete 2026-09-21),,,Search intent is very clear; needs data the listings do not have yet,Later,Medium,Needs a distance-to-metro field on listings across all cities to answer honestly.
flats in greater noida near metro station,G. Near metro,buy+rent,"Filter page ""near metro"" per city (needs a metro-distance field on listings)",yes (autocomplete 2026-09-21),,,Search intent is very clear; needs data the listings do not have yet,Later,Medium,Needs a distance-to-metro field on listings across all cities to answer honestly.
property registry charges in noida,H. Costs & legal guides (NCR),info,Blog guide / calculator page (fits the site's blog + EMI calculator),yes (autocomplete 2026-09-21),,,"Informational: lowest competition, builds trust, links to listings. Numbers change yearly - keep them current",Now,Low,"Pure content - no inventory needed. Extends existing blog posts (stamp duty, RERA) or adds new ones; this is the fastest real win available today."
flat registry charges in noida,H. Costs & legal guides (NCR),info,Blog guide / calculator page (fits the site's blog + EMI calculator),yes (autocomplete 2026-09-21),,,"Informational: lowest competition, builds trust, links to listings. Numbers change yearly - keep them current",Now,Low,"Pure content - no inventory needed. Extends existing blog posts (stamp duty, RERA) or adds new ones; this is the fastest real win available today."
flat registry charges in noida extension,H. Costs & legal guides (NCR),info,Blog guide / calculator page (fits the site's blog + EMI calculator),yes (autocomplete 2026-09-21),,,"Informational: lowest competition, builds trust, links to listings. Numbers change yearly - keep them current",Now,Low,"Pure content - no inventory needed. Extends existing blog posts (stamp duty, RERA) or adds new ones; this is the fastest real win available today."
flat registry charges in greater noida,H. Costs & legal guides (NCR),info,Blog guide / calculator page (fits the site's blog + EMI calculator),yes (autocomplete 2026-09-21),,,"Informational: lowest competition, builds trust, links to listings. Numbers change yearly - keep them current",Now,Low,"Pure content - no inventory needed. Extends existing blog posts (stamp duty, RERA) or adds new ones; this is the fastest real win available today."
plot registry charges in noida,H. Costs & legal guides (NCR),info,Blog guide / calculator page (fits the site's blog + EMI calculator),yes (autocomplete 2026-09-21),,,"Informational: lowest competition, builds trust, links to listings. Numbers change yearly - keep them current",Now,Low,"Pure content - no inventory needed. Extends existing blog posts (stamp duty, RERA) or adds new ones; this is the fastest real win available today."
house registry charges in noida,H. Costs & legal guides (NCR),info,Blog guide / calculator page (fits the site's blog + EMI calculator),yes (autocomplete 2026-09-21),,,"Informational: lowest competition, builds trust, links to listings. Numbers change yearly - keep them current",Now,Low,"Pure content - no inventory needed. Extends existing blog posts (stamp duty, RERA) or adds new ones; this is the fastest real win available today."
land registry charges in noida,H. Costs & legal guides (NCR),info,Blog guide / calculator page (fits the site's blog + EMI calculator),yes (autocomplete 2026-09-21),,,"Informational: lowest competition, builds trust, links to listings. Numbers change yearly - keep them current",Now,Low,"Pure content - no inventory needed. Extends existing blog posts (stamp duty, RERA) or adds new ones; this is the fastest real win available today."
property registration charges in noida 2025 calculator,H. Costs & legal guides (NCR),info,Blog guide / calculator page (fits the site's blog + EMI calculator),yes (autocomplete 2026-09-21),,,"Informational: lowest competition, builds trust, links to listings. Numbers change yearly - keep them current",Now,Low,"Pure content - no inventory needed. Extends existing blog posts (stamp duty, RERA) or adds new ones; this is the fastest real win available today."
property registry charges in greater noida,H. Costs & legal guides (NCR),info,Blog guide / calculator page (fits the site's blog + EMI calculator),yes (autocomplete 2026-09-21),,,"Informational: lowest competition, builds trust, links to listings. Numbers change yearly - keep them current",Now,Low,"Pure content - no inventory needed. Extends existing blog posts (stamp duty, RERA) or adds new ones; this is the fastest real win available today."
noida circle rate 2026,H. Costs & legal guides (NCR),info,Blog guide / calculator page (fits the site's blog + EMI calculator),yes (autocomplete 2026-09-21),,,"Informational: lowest competition, builds trust, links to listings. Numbers change yearly - keep them current",Now,Low,"Pure content - no inventory needed. Extends existing blog posts (stamp duty, RERA) or adds new ones; this is the fastest real win available today."
noida circle rate list,H. Costs & legal guides (NCR),info,Blog guide / calculator page (fits the site's blog + EMI calculator),yes (autocomplete 2026-09-21),,,"Informational: lowest competition, builds trust, links to listings. Numbers change yearly - keep them current",Now,Low,"Pure content - no inventory needed. Extends existing blog posts (stamp duty, RERA) or adds new ones; this is the fastest real win available today."
noida circle rate 2026 pdf download,H. Costs & legal guides (NCR),info,Blog guide / calculator page (fits the site's blog + EMI calculator),yes (autocomplete 2026-09-21),,,"Informational: lowest competition, builds trust, links to listings. Numbers change yearly - keep them current",Now,Low,"Pure content - no inventory needed. Extends existing blog posts (stamp duty, RERA) or adds new ones; this is the fastest real win available today."
gurgaon property rates sector wise,H. Costs & legal guides (NCR),info,Blog guide / calculator page (fits the site's blog + EMI calculator),yes (autocomplete 2026-09-21),,,"Informational: lowest competition, builds trust, links to listings. Numbers change yearly - keep them current",Now,Low,"Pure content - no inventory needed. Extends existing blog posts (stamp duty, RERA) or adds new ones; this is the fastest real win available today."
how to check rera registration in up,H. Costs & legal guides (NCR),info,Blog guide / calculator page (fits the site's blog + EMI calculator),yes (autocomplete 2026-09-21),,,"Informational: lowest competition, builds trust, links to listings. Numbers change yearly - keep them current",Now,Low,"Pure content - no inventory needed. Extends existing blog posts (stamp duty, RERA) or adds new ones; this is the fastest real win available today."
how to check up rera registration number,H. Costs & legal guides (NCR),info,Blog guide / calculator page (fits the site's blog + EMI calculator),yes (autocomplete 2026-09-21),,,"Informational: lowest competition, builds trust, links to listings. Numbers change yearly - keep them current",Now,Low,"Pure content - no inventory needed. Extends existing blog posts (stamp duty, RERA) or adds new ones; this is the fastest real win available today."
stamp duty in delhi for women,H. Costs & legal guides (NCR),info,Blog guide / calculator page (fits the site's blog + EMI calculator),yes (autocomplete 2026-09-21),,,"Informational: lowest competition, builds trust, links to listings. Numbers change yearly - keep them current",Now,Low,"Pure content - no inventory needed. Extends existing blog posts (stamp duty, RERA) or adds new ones; this is the fastest real win available today."
stamp duty in delhi for property registration,H. Costs & legal guides (NCR),info,Blog guide / calculator page (fits the site's blog + EMI calculator),yes (autocomplete 2026-09-21),,,"Informational: lowest competition, builds trust, links to listings. Numbers change yearly - keep them current",Now,Low,"Pure content - no inventory needed. Extends existing blog posts (stamp duty, RERA) or adds new ones; this is the fastest real win available today."
stamp duty in delhi for sale deed,H. Costs & legal guides (NCR),info,Blog guide / calculator page (fits the site's blog + EMI calculator),yes (autocomplete 2026-09-21),,,"Informational: lowest competition, builds trust, links to listings. Numbers change yearly - keep them current",Now,Low,"Pure content - no inventory needed. Extends existing blog posts (stamp duty, RERA) or adds new ones; this is the fastest real win available today."
stamp duty in delhi for rent agreement,H. Costs & legal guides (NCR),info,Blog guide / calculator page (fits the site's blog + EMI calculator),yes (autocomplete 2026-09-21),,,"Informational: lowest competition, builds trust, links to listings. Numbers change yearly - keep them current",Now,Low,"Pure content - no inventory needed. Extends existing blog posts (stamp duty, RERA) or adds new ones; this is the fastest real win available today."
stamp duty in delhi for gift deed,H. Costs & legal guides (NCR),info,Blog guide / calculator page (fits the site's blog + EMI calculator),yes (autocomplete 2026-09-21),,,"Informational: lowest competition, builds trust, links to listings. Numbers change yearly - keep them current",Now,Low,"Pure content - no inventory needed. Extends existing blog posts (stamp duty, RERA) or adds new ones; this is the fastest real win available today."
stamp duty in delhi for lease deed,H. Costs & legal guides (NCR),info,Blog guide / calculator page (fits the site's blog + EMI calculator),yes (autocomplete 2026-09-21),,,"Informational: lowest competition, builds trust, links to listings. Numbers change yearly - keep them current",Now,Low,"Pure content - no inventory needed. Extends existing blog posts (stamp duty, RERA) or adds new ones; this is the fastest real win available today."
property dealer in noida sector 15,I. Property dealer by sector (agent direction),agent,Agent directory page per city + sector (the site has an agent programme),yes (autocomplete 2026-09-21),,,"Fits the ""list your property / register as an agent"" side of the site",Later,Medium,"Needs the city + real agents based there; the agent program already exists so this is just inventory of people, not code."
property dealer in noida sector 16,I. Property dealer by sector (agent direction),agent,Agent directory page per city + sector (the site has an agent programme),yes (autocomplete 2026-09-21),,,"Fits the ""list your property / register as an agent"" side of the site",Later,Medium,"Needs the city + real agents based there; the agent program already exists so this is just inventory of people, not code."
property dealer in noida sector 22,I. Property dealer by sector (agent direction),agent,Agent directory page per city + sector (the site has an agent programme),yes (autocomplete 2026-09-21),,,"Fits the ""list your property / register as an agent"" side of the site",Later,Medium,"Needs the city + real agents based there; the agent program already exists so this is just inventory of people, not code."
property dealer in noida sector 52,I. Property dealer by sector (agent direction),agent,Agent directory page per city + sector (the site has an agent programme),yes (autocomplete 2026-09-21),,,"Fits the ""list your property / register as an agent"" side of the site",Later,Medium,"Needs the city + real agents based there; the agent program already exists so this is just inventory of people, not code."
property dealer in noida sector 62,I. Property dealer by sector (agent direction),agent,Agent directory page per city + sector (the site has an agent programme),yes (autocomplete 2026-09-21),,,"Fits the ""list your property / register as an agent"" side of the site",Later,Medium,"Needs the city + real agents based there; the agent program already exists so this is just inventory of people, not code."
property dealer in noida sector 73,I. Property dealer by sector (agent direction),agent,Agent directory page per city + sector (the site has an agent programme),yes (autocomplete 2026-09-21),,,"Fits the ""list your property / register as an agent"" side of the site",Later,Medium,"Needs the city + real agents based there; the agent program already exists so this is just inventory of people, not code."
property dealer in noida sector 75,I. Property dealer by sector (agent direction),agent,Agent directory page per city + sector (the site has an agent programme),yes (autocomplete 2026-09-21),,,"Fits the ""list your property / register as an agent"" side of the site",Later,Medium,"Needs the city + real agents based there; the agent program already exists so this is just inventory of people, not code."
property dealer in noida sector 76,I. Property dealer by sector (agent direction),agent,Agent directory page per city + sector (the site has an agent programme),yes (autocomplete 2026-09-21),,,"Fits the ""list your property / register as an agent"" side of the site",Later,Medium,"Needs the city + real agents based there; the agent program already exists so this is just inventory of people, not code."
property dealer in noida sector 104,I. Property dealer by sector (agent direction),agent,Agent directory page per city + sector (the site has an agent programme),yes (autocomplete 2026-09-21),,,"Fits the ""list your property / register as an agent"" side of the site",Later,Medium,"Needs the city + real agents based there; the agent program already exists so this is just inventory of people, not code."
property dealer in noida sector 135,I. Property dealer by sector (agent direction),agent,Agent directory page per city + sector (the site has an agent programme),yes (autocomplete 2026-09-21),,,"Fits the ""list your property / register as an agent"" side of the site",Later,Medium,"Needs the city + real agents based there; the agent program already exists so this is just inventory of people, not code."
